{"_runtime":13,"_step":289,"step_loss":0.024160513654351234,"step_loss_p_fin":0.008627093397080898,"epoch_loss":0.024160513654351234,"step_loss_p_ini":0.0017446472775191069,"epoch_acc_p_ini":1,"step":1,"_timestamp":1.764329624130496e+09,"step_acc_p_fin":1,"best_loss":0.02400711178779602,"step_loss_cap":0.013788772746920586,"epoch_acc_p_fin":1,"best_epoch":99,"step_acc_p_ini":1,"_wandb":{"runtime":13},"epoch_acc_cap":0.9966996908187866,"step_acc_cap":0.9966996908187866,"epoch":100}