{"class_weights_p_fin":[0.3205350637435913,2.261798858642578,2.685699224472046,15.209580421447754],"class_weights_cap":[0.287062406539917,2.240846872329712,4.06400008192e+12,14.249649047851562],"_timestamp":1.7644015084618177e+09,"_step":0,"pos_weight_p_ini":39,"_wandb":{"runtime":1},"_runtime":1}