{"class_weights_p_fin":[0.2875641882419586,3.224639654159546,4.719895839691162,1871.17041015625],"_wandb":{"runtime":538},"val_balanced_acc_p_ini":0.6999871934430428,"best_train_loss":Infinity,"val_balanced_acc_cap":0.8042696847467015,"best_epoch":3,"epoch":100,"val_loss":6.655454015731811,"_timestamp":1.7643345770629807e+09,"_runtime":538,"val_balanced_acc_p_fin":0.6188008069264227,"pos_weight_p_ini":6271.8759765625,"train_balanced_acc_p_ini":0.9998423696355042,"train_balanced_acc_cap":0.979866135284768,"_step":102,"train_balanced_acc_p_fin":0.9498700898361172,"class_weights_cap":[0.3239452838897705,1.1560815572738647,122.5171127319336,25.05904769897461],"train_loss":0.17893759490445602,"best_val_loss":2.106809377670288}