{"_runtime":506,"best_epoch":98,"epoch_acc_p_ini":0.9999717398295327,"step_loss_p_ini":1.0483732921784394e-06,"step_loss_cap":0.014256579801440239,"step_acc_p_ini":0.9999999403953552,"step_acc_cap":0.9929906129837036,"_timestamp":1.7643303554248698e+09,"epoch_acc_cap":0.9915699160918987,"epoch_loss":0.059061807693627774,"epoch":100,"step_loss":0.0472971573472023,"_step":19068,"step":189,"_wandb":{"runtime":506},"step_acc_p_fin":0.9906541705131531,"epoch_acc_p_fin":0.9869475818815685,"best_loss":0.05769168678178358,"step_loss_p_fin":0.033039532601833344}