{"_step":0,"_wandb":{"runtime":9},"_runtime":9,"pos_weight_p_ini":6271.8759765625,"class_weights_p_fin":[0.2875641882419586,3.224639654159546,4.719895839691162,1871.17041015625],"class_weights_cap":[0.3239452838897705,1.1560815572738647,122.5171127319336,25.05904769897461],"_timestamp":1.7643371731214573e+09}