{"train_loss":0.26499036093090855,"val_balanced_acc_p_ini":0.6999551819040566,"val_balanced_acc_p_fin":0.6432293412335153,"train_balanced_acc_p_fin":0.9225677461574363,"_step":102,"val_balanced_acc_cap":0.8443363966712477,"class_weights_p_fin":[0.2875641882419586,3.224639654159546,4.719895839691162,1871.17041015625],"_wandb":{"runtime":528},"train_balanced_acc_p_ini":0.9998241910669545,"pos_weight_p_ini":6271.8759765625,"class_weights_cap":[0.3239452838897705,1.1560815572738647,122.5171127319336,25.05904769897461],"_timestamp":1.7643370622084982e+09,"train_balanced_acc_cap":0.9721247722847651,"_runtime":528,"val_loss":7.058326029777527,"epoch":100,"best_epoch":2,"best_train_loss":Infinity,"best_val_loss":2.3143272161483766}