{"train_loss":0.6534537756165792,"train_balanced_acc_cap":0.9169213379468797,"val_balanced_acc_cap":0.8387451474890056,"train_balanced_acc_p_ini":0.998270795126263,"train_balanced_acc_p_fin":0.8101906483529945,"epoch":6,"best_epoch":2,"best_val_loss":1.897149682044983,"best_train_loss":Infinity,"_runtime":176,"_wandb":{"runtime":176},"val_balanced_acc_p_fin":0.713903326748725,"val_balanced_acc_p_ini":0.8238153315880679,"_step":8,"_timestamp":1.764399849126495e+09,"class_weights_p_fin":[0.2875641882419586,3.224639654159546,4.719895839691162,1871.17041015625],"val_loss":2.6696492314338682,"class_weights_cap":[0.3239452838897705,1.1560815572738647,122.5171127319336,25.05904769897461],"pos_weight_p_ini":6271.8759765625}