{"best_train_loss":Infinity,"_step":104,"pos_weight_p_ini":6271.8759765625,"train_balanced_acc_p_ini":0.999532104433588,"best_val_loss":2.1293614506721497,"epoch":100,"best_epoch":20,"_runtime":534,"train_balanced_acc_p_fin":0.9368168008943945,"val_balanced_acc_cap":0.8072809096646706,"val_loss":7.72957592010498,"class_weights_p_fin":[0.2875641882419586,3.224639654159546,4.719895839691162,1871.17041015625],"train_loss":0.22019333652285641,"_timestamp":1.7643379576634686e+09,"val_balanced_acc_p_ini":0.699876686316013,"_wandb":{"runtime":534},"class_weights_cap":[0.3239452838897705,1.1560815572738647,122.5171127319336,25.05904769897461],"train_balanced_acc_cap":0.9751164363854383,"val_balanced_acc_p_fin":0.6323463952401659}