{"_timestamp":1.764332368667653e+09,"_step":149,"epoch_acc_cap":0.9703345109545995,"_runtime":485,"_wandb":{"runtime":485},"class_weights_cap":[0.32388314604759216,1.1533989906311035,127.81822967529297,26.567298889160156],"epoch_acc_p_ini":0.9998195199739366,"epoch_loss":0.1300418469167891,"epoch_acc_p_fin":0.9413742536590213,"pos_weight_p_ini":6572.5087890625,"best_loss":0.10469167025158645,"epoch":100,"best_epoch":92,"class_weights_p_fin":[0.2876890003681183,3.2113451957702637,4.714606761932373,1917.2734375]}