{"_runtime":532,"best_train_loss":Infinity,"class_weights_p_fin":[0.2875641882419586,3.224639654159546,4.719895839691162,1871.17041015625],"train_balanced_acc_p_ini":0.9999665190992276,"train_loss":0.06690391395674196,"val_balanced_acc_p_fin":0.6938229249004308,"pos_weight_p_ini":6271.8759765625,"val_balanced_acc_cap":0.8470438727881128,"val_loss":8.585418486595154,"train_balanced_acc_p_fin":0.9839632737896439,"val_balanced_acc_p_ini":0.6999366125760649,"class_weights_cap":[0.3239452838897705,1.1560815572738647,122.5171127319336,25.05904769897461],"train_balanced_acc_cap":0.9909885520209473,"best_val_loss":1.8154532670974732,"best_epoch":2,"_wandb":{"runtime":532},"_timestamp":1.7643385813226922e+09,"_step":102,"epoch":100}