{"epoch":100,"class_weights_p_fin":[0.2875641882419586,3.224639654159546,4.719895839691162,1871.17041015625],"val_acc_p_ini":0.9998837947845459,"best_val_loss":2.1517929792404176,"_step":102,"_timestamp":1.7643339690981317e+09,"val_loss":8.221206521987915,"val_acc_p_fin":0.8573726773262024,"best_epoch":2,"train_acc_cap":0.9702532818151075,"_wandb":{"runtime":534},"pos_weight_p_ini":6271.8759765625,"class_weights_cap":[0.3239452838897705,1.1560815572738647,122.5171127319336,25.05904769897461],"best_train_loss":Infinity,"val_acc_cap":0.927349579334259,"train_acc_p_fin":0.9360373477603114,"train_loss":0.12920819916004359,"train_acc_p_ini":0.9998931260996087,"_runtime":534}